Condition,Case,BIS_WinRate,BIS_DmgReceived,BIS_DmgDealt
AGL_UI_no_adv_LLM,Goku_no_adv,0.5285714285714284,0.020333125629206954,1.0
INT_Vegeta_no_adv_LLM,Vegeta_no_adv,0.29687499999999983,1.0,1.0
AGL_UI_adv_LLM,Goku_adv,0.8897058823529411,0.5913266232914348,0.8896050258427489
INT_Vegeta_adv_LLM,Vegeta_adv,0.9779411764705882,1.0,1.0
