Case,WinRate_baseline,WinRate_power,WinRate_llm,BIS_WinRate,DmgReceived_baseline,DmgReceived_power,DmgReceived_llm,DmgReceived_test_power,DmgReceived_test_llm,DmgReceived_test_rel_diff,BIS_DmgReceived,DmgDealt_baseline,DmgDealt_power,DmgDealt_llm,DmgDealt_test_power,DmgDealt_test_llm,DmgDealt_test_rel_diff,BIS_DmgDealt
Goku_no_adv,0.3066666666666667,0.54,0.43,0.5285714285714284,85516.96605621828,85258.44253632761,98231.36740331491,15427.392338177015,27768.67541436464,0.7999591120560001,0.020333125629206954,4754661.551618467,5034413.65653897,4934665.921270718,972723.1677675033,946119.3425414364,0.027349842285678567,1.0
Vegeta_no_adv,0.3066666666666667,0.52,0.37,0.29687499999999983,85516.96605621828,92689.60127388535,91011.24033149172,22487.863694267515,21713.262430939227,0.03444530231325376,1.0,4754661.551618467,4723370.614012739,4737975.135359116,661016.5566878981,678818.4820441989,0.026931133836494866,1.0
Goku_adv,0.3066666666666667,0.76,0.71,0.8897058823529411,85516.96605621828,66643.7087667162,74356.70655270656,2600.0579494799404,5995.407407407408,1.3058745319913352,0.5913266232914348,4754661.551618467,6096812.26448737,5948645.571225071,2109176.488855869,1817562.876068376,0.13825946492779273,0.8896050258427489
Vegeta_adv,0.3066666666666667,0.75,0.76,0.9779411764705882,85516.96605621828,73973.371657754,73423.68456375839,4525.610962566845,4680.0322147651,0.034121636498482946,1.0,4754661.551618467,5538425.768716577,5565966.373154363,1483791.597593583,1499329.8738255033,0.010472007158633573,1.0
